{
    "train": {
        "accuracy": 92.26495726495727,
        "loss": 0.03128106306251298
    },
    "validation": {
        "accuracy": 91.36125654450262,
        "loss": 0.031184170882739323
    },
    "step": 99
}
